query_id,query,doc_type,difficulty,ground_truth_answer,source_doc,page_no,section_ref,expected_citations,is_answerable,doc_title,key_terms,confidence,chunk_id,text_used
Q001,What was assumed by ITW as part of the purchase agreement for the DeVilbiss assets?,judgment,factual,"The Lemelson lawsuit, which was a contingent liability",judgment_06_indopco_v_commissioner,6,,"judgment_06_indopco_v_commissioner, p.6",yes,INDOPCO Inc. v. Commissioner (1992),"contingent liability, purchase agreement",high,judgment_06_indopco_v_commissioner_p6_c6,"part of the purchase price for the business. Id. (“Assumption of the obligation to make pension payments to Mrs. Grunwald was in theory and in fact, part of the cost of acquiring the assets of the wood veneer business from the taxpayer’s predecessor.”) Because the purchase of the wood veneer busines..."
Q002,"How did the court distinguish between a taxable event and a non-taxable event in the context of distributions from a company, and what implications does this distinction have for the taxation of punitive damages?",judgment,interpretive,"The court distinguished between a taxable event and a non-taxable event by considering whether the distribution constituted a 'realized gain' to the shareholder or merely changed the form of their capital investment. In the case of punitive damages, the court held that the fact that the payments were extracted as punishment for unlawful conduct does not detract from their character as taxable income, as the taxpayers have complete dominion over the payments and they constitute an undeniable accession to wealth.",judgment_28_helvering_v_bruun,3,,"judgment_28_helvering_v_bruun, p.3",yes,Helvering v. Bruun (1940),"realized gain, taxable event, punitive damages",high,judgment_28_helvering_v_bruun_p3_c3,"nd constituted a realized gain to the shareholder, or changed “only the form, not the essence,” of *431 his capital investment. Id., at 210 . It was held that the taxpayer had “received nothing out of the company’s assets for his separate use and benefit.” Id., at 211 . The distribution, therefore, ..."
Q003,What substitution was made by Pub. L. 92–336 in Subsec. (h)(1) of IRC §165?,act,factual,Pub. L. 92–336 substituted provisions relating to losses attributable to a disaster which occurs during the period after the close of the taxable year and on or before the last day of the 6th calendar month beginning after the close of the taxable year.,act_sec165,6,IRC §165,"act_sec165, p.6",yes,IRC Section 165 - Losses,"Pub. L. 92–336, Subsec. (h)(1), IRC §165",high,act_sec165_p6_c14,Act of 1974’’ for ‘‘Disaster Relief Act of 1970’’. 1972—Subsec. (h). Pub. L. 92–418 struck out par. (1) provisions relating to losses attributable to a disaster occurring during period following close of taxable year and on or before time prescribed by law for filing the income tax return for the ta...
Q004,What section is referenced in the phrase 'The deduction allowed by section 220' in IRC §62?,act,factual,Section 220,act_sec62,5,IRC §62,"act_sec62, p.5",yes,IRC Section 62 - Adjusted Gross Income Defined,"IRC §62, section 220",high,act_sec62_p5_c13,"follows: ‘‘The deduction allowed by section 220.’’ 1988—Subsec. (a)(2)(A). Pub. L. 100–647, § 1001(b)(3)(A), inserted at end ‘‘The fact that the reimbursement may be provided by a third party shall not be determinative of whether or not the preceding sentence applies.’’ Subsec. (a)(13). Pub. L. 100–..."
Q005,What is the deadline for filing an amended tax return for IRA contributions made in 2026?,tax,unanswerable,This information is not available in the provided legal text.,tax_pub590a,32,,"tax_pub590a, p.32",no,IRS Publication 590A - IRA Contributions,"IRA contributions, amended tax return",unanswerable,tax_pub590a_p32_c60,. . . . . . . . . . . . . . . . . . . . . . . . . . . . . . . . . . . . . . . . . 3. 4. Subtract line 3 from line 2 . . . . . . . . . . . . . . . . . . . . . . . . . . . . . . . . . . . . . . . . . . . . . . . . . . . . . . . 4. 5. Divide line 4 by line 3. Enter the result as a decimal (rounded to a...
Q006,What is the maximum fine for an individual found guilty of a misdemeanor under IRC §7201?,act,factual,"$25,000",act_sec7201,1,IRC §7201,"act_sec7201, p.1",yes,IRC Section 7201 - Tax Evasion,"misdemeanor, fine",high,act_sec7201_p1_c2,"this title or by regulations made under authority thereof to make a return, keep any records, or supply any information, who willfully fails to pay such estimated tax or tax, make such re- turn, keep such records, or supply such informa- tion, at the time or times required by law or regulations, sha..."
Q007,What is the maximum amount that can be excluded from an employee's gross income for the adoption of a child with special needs for taxable years beginning in 2022?,pov,factual,"$14,890",pov_jct_05_corps,15,,"pov_jct_05_corps, p.15",yes,Jct Report: 05 Corps,"adoption assistance program, qualified adoption expenses",high,pov_jct_05_corps_p15_c15,- 15 - amount for transportation in a commuter highway vehicle and any transit pass is $280. The monthly limitation under § 132(f)(2)(B) regarding the fringe benefit exclusion amount for qualified parking is $280. .18 Income from United States Savings Bonds for Taxpayers Who Pay Qualified Higher Edu...
Q008,How does the context of IRC Section 408 imply the legislative intent behind the creation of Individual Retirement Accounts?,act,interpretive,"The legislative intent can be inferred as promoting retirement savings through tax benefits, given the provision's focus on individual accounts.",act_sec408,3,IRC §408,"act_sec408, p.3",yes,IRC Section 408 - Individual Retirement Accounts,"legislative intent, Individual Retirement Accounts, tax benefits",medium,act_sec408_p3_c3,Browse • A to Z • Category • Date • Committee • Author About • About • Policies • Authentication • Digital Preservation • History • Agency Submission • U.S. Government Information • FDsys Retirement Developers • Developer Hub • API • Bulk Data Repository • Link Service • Feeds • Sitemaps • System De...
Q009,"How does the calculation of daily Original Issue Discount (OID) change for subsequent accrual periods, and what specific values are used in the formula instead of the initial issue price?",pov,interpretive,The daily OID for subsequent accrual periods is figured the same way except the adjusted issue price at the beginning of each period is used in the formula instead of the issue price. The adjusted issue price is calculated as the issue price plus the OID previously includible in income.,pov_jct_02_expenditures,13,,"pov_jct_02_expenditures, p.13",yes,Jct Report: 02 Expenditures,"Original Issue Discount (OID), adjusted issue price, accrual period",high,pov_jct_02_expenditures_p13_c25,"year qsi = qualified stated interest p = number of days in accrual period The daily OID for subsequent accrual periods is figured the same way except the adjusted issue price at the be- ginning of each period is used in the formula instead of the issue price. Example 5. On January 1 of Year 1, you b..."
Q010,How do the safe harbor rules under § 1.148-5(e)(2)(iii)(B)(1) of the Income Tax Regulations determine the reasonableness of a broker's commission for the acquisition of a guaranteed investment contract or investments purchased for a yield restricted defeasance escrow?,pov,interpretive,"The rules consider a broker's commission or similar fee reasonable if the amount of the fee does not exceed the lesser of $49,000 or 0.2 percent of the computational base, and the issuer does not treat more than $138,000 in brokers' commissions or similar fees as qualified administrative costs for all guaranteed investment contracts and investments for yield restricted defeasance escrows.",pov_tf_05_1031,14,,"pov_tf_05_1031, p.14",yes,Tax Foundation: 05 1031,"safe harbor rules, broker's commission, guaranteed investment contract, yield restricted defeasance escrow",high,pov_tf_05_1031_p14_c14,"14 items relating to the adoption credit.) .20 Private Activity Bonds Volume Cap. For calendar year 2024, the amounts used under § 146(d) to calculate the State ceiling for the volume cap for private activity bonds is the greater of (1) $125 multiplied by the State population, or (2) $378,230,000. ...."
Q011,"How does the legislative intent, as reflected in the amendments to section 6662, influence the interpretation of the accuracy-related penalty under the Internal Revenue Code of 1986?",act,interpretive,"The legislative intent, as reflected in the amendments to section 6662, particularly the execution of section 1409(b)(1), (2) of Pub. L. 111-152 and section 1219(a)(1), (2) of Pub. L. 109-280, indicates that Congress intended to amend section 6662 of the Internal Revenue Code of 1986, thereby informing the interpretation of the accuracy-related penalty to reflect the probable intent of Congress.",act_sec6662,4,IRC §6662,"act_sec6662, p.4",yes,IRC Section 6662 - Accuracy-Related Penalty,"legislative intent, accuracy-related penalty, Internal Revenue Code of 1986",high,act_sec6662_p4_c8,"1083; Pub. L. 111–147, title V, § 512(a), Mar. 18, 2010, 124 Stat. 110; Pub. L. 111–152, title I, § 1409(b)(1), (2), Mar. 30, 2010, 124 Stat. 1068, 1069; Pub. L. 113–295, div. A, title II, § 208(a), Dec. 19, 2014, 128 Stat. 4028; Pub. L. 114–41, title II, § 2004(c), July 31, 2015, 129 Stat. 456; Pub..."
Q012,"How should the amendment to IRC §121, which directs the redesignation of paragraph (9) as (10) and adds a new paragraph (9), be interpreted in light of the fact that subsection (d) did not contain a paragraph (9) at the time of the amendment?",act,interpretive,"The amendment should be interpreted to reflect the probable intent of Congress, which is to redesignate as paragraph (10) the paragraph (9) directed to be added to subsection (d) of this section by Pub. L. 107–16, § 542(c), (f)(1), applicable to estates of decedents dying after Dec. 31, 2009, as stated on page 5 of the document.",act_sec121,5,IRC §121,"act_sec121, p.5",yes,IRC Section 121 - Home Sale Exclusion,"redesignation, amendment, probable intent of Congress",high,act_sec121_p5_c11,"of this sec- tion be amended by redesignating paragraph (9) as (10) and adding a new paragraph (9), effective as if included in the amendments made by section 312 of the Taxpayer Relief Act of 1997, Pub. L. 105–34, could not literally be executed insofar as it directed the redesignation be- cause su..."
Q013,What did Justice Cardozo describe as a struggle to find a verbal formula to supply a ready touchstone for?,judgment,factual,an “ordinary and necessary” expense in business,judgment_14_commissioner_v_duberstein,7,,"judgment_14_commissioner_v_duberstein, p.7",yes,Commissioner v. Duberstein (1960),"Justice Cardozo, ordinary and necessary expense",high,judgment_14_commissioner_v_duberstein_p7_c7,"The former issue make the tax tribunals the most investigators of an frequent important and difficult issue and States, inquiry of the laws of the several the latter of problem would summon one difficult delicate fed- and as an aid to of another.9 Or per- eral tax law the solution haps there require..."
Q014,"How does the coordination with minimum tax under section 55 affect the determination of qualified business income for purposes of the deduction under subsection (a), and what implications does this have for taxpayers subject to alternative minimum taxable income?",act,interpretive,"The determination of qualified business income is made without regard to any adjustments under sections 56 through 59 for purposes of determining alternative minimum taxable income under section 55, which suggests that the alternative minimum tax calculations will not account for the qualified business income deduction adjustments, potentially affecting taxpayers' overall tax liability.",act_sec199A,4,IRC §199A,"act_sec199A, p.4",yes,IRC Section 199A - Qualified Business Income Deduction,"qualified business income, alternative minimum taxable income, coordination with minimum tax",high,act_sec199A_p4_c8,"any taxpayer described in clause (i), the determination of W–2 wages of such taxpayer with respect to any quali- fied trade or business conducted in Puerto Rico shall be made without regard to any exclusion under section 3401(a)(8) for remu- neration paid for services in Puerto Rico. (2) Coordinatio..."
Q015,What is the name of the case listed at number 11 in the provided text?,judgment,factual,Cheek v United States,failed,1,,"failed, p.1",yes,Failed,"case, Cheek v United States",high,failed_p1_c1,08|Gregory v Helvering|cluster_not_found 09|Cottage Savings Association v Commissioner|cluster_not_found 11|Cheek v United States|cluster_not_found 12|United States v Kirby Lumber Co|cluster_not_found 13|Farid-Es-Sultaneh v Commissioner|cluster_not_found 14|Commissioner v Duberstein|cluster_not_foun...
Q016,"What is the effective period for the amendments made by Pub. L. 115–97, and how does this relate to the substitution made by Pub. L. 105–277 in subsec. (b)(3) regarding casualty or theft losses?",act,multi_hop,"The effective period for the amendments made by Pub. L. 115–97 is any taxable year beginning after December 31, 2017, and before January 1, 2026, as stated on page 460. This period is relevant to the substitution made by Pub. L. 105–277 in subsec. (b)(3), which changed the description of losses to 'for casualty or theft losses described in paragraph (2) or (3) of section 165(c) or for losses described in section 165(d)', indicating a connection between the amendment periods and the specific loss descriptions allowed for deduction.",act_sec67,2,IRC §67,"act_sec67, p.2",yes,IRC Section 67 - Miscellaneous Itemized Deductions,"Pub. L. 115–97, Pub. L. 105–277, section 165(c), section 165(d)",high,act_sec67_p2_c3,"Page 460 TITLE 26—INTERNAL REVENUE CODE § 68 any taxable year beginning after December 31, 2017, and before January 1, 2026. (Added Pub. L. 99–514, title I, § 132(a), Oct. 22, 1986, 100 Stat. 2113; amended Pub. L. 100–647, title I, § 1001(f), title IV, § 4011(a), Nov. 10, 1988, 102 Stat. 3351, 3655;..."
Q017,"What is the appropriate balance between the jury's role and the reviewing court's duty, and how does this balance relate to the historical safeguards of the 'inviolate' right to trial by jury?",judgment,multi_hop,"The appropriate balance between the jury's role and the reviewing court's duty is struck by not allowing the appellate court to 'find' facts or substitute its judgment for that of the jury, instead reversing the verdict and remanding for a new trial when it determines that the verdict is against the great weight of the evidence. This balance relates to the historical safeguards of the 'inviolate' right to trial by jury, which are found in the deferential standards of review applied and the prohibition against rendition of judgment upon a factual insufficiency point, as stated on page 7 of the Hernandez v. Commissioner judgment.",judgment_24_hernandez_v_commissioner,7,,"judgment_24_hernandez_v_commissioner, p.7",yes,Hernandez v. Commissioner (1989),"appropriate balance, inviolate right, deferential standards of review",high,judgment_24_hernandez_v_commissioner_p7_c7,"Crim. ProcAnn. art. 44.25. The appropriate balance between the jury’s role as the judge of the facts and the reviewing court’s duty to review criminal convictions is struck by not allowing the appellate court to “find” facts, or substitute its judgment for that of the jury; 19 rather, when it determ..."
Q018,"According to the provided text, what would have been the effect on the amount available for distribution if the liability of the transferor-corporation had been reduced to judgment during the taxable year in which liquidation occurred?",judgment,factual,The amount of the judgment rendered against the corporation would have decreased the amount it had available for distribution,judgment_17_arrowsmith_v_commissioner,3,,"judgment_17_arrowsmith_v_commissioner, p.3",yes,Arrowsmith v. Commissioner (1952),"taxable year, liquidation, judgment",high,judgment_17_arrowsmith_v_commissioner_p3_c3,"year is a separate unit for tax accounting purposes. See <i>United States</i> v. <i>Lewis,</i> 340 U. S. 590. I have not felt, as my dissent in the <i>Lewis</i> case indicates, that the law made that an inexorable <span class=""star-pagination"">*10</span> principle. But if it is the law, we should re..."
Q019,"How does the amendment to Subsec. (l)(1) by Pub. L. 111–152, § 1004(d)(2), affect the deductibility of amounts paid for insurance that constitutes medical care for the taxpayer, his spouse, and dependents, and what implications does this have for the interpretation of 'compensation for personal services actually rendered' in the context of IRC §162?",act,interpretive,"The amendment to Subsec. (l)(1) by Pub. L. 111–152, § 1004(d)(2), generally altered the deduction for amounts paid for insurance that constitutes medical care, now treating such amounts as compensation for personal services actually rendered, which may imply a broader interpretation of 'compensation for personal services actually rendered' to include medical care expenses for the taxpayer and their dependents.",act_sec162,11,IRC §162,"act_sec162, p.11",yes,IRC Section 162 - Trade or Business Expenses,"compensation for personal services, medical care, deductibility",medium,act_sec162_p11_c22,"Page 735 TITLE 26—INTERNAL REVENUE CODE § 162 fordable Care Act shall be treated as an amount for compensation for personal services actually rendered.’’ Subsec. (l)(1). Pub. L. 111–152, § 1004(d)(2), amended par. (1) generally. Prior to amendment, par. (1) author- ized a deduction in an amount equa..."
Q020,"What is the relationship between the capitalization provision of § 263(a) and the depreciation allowance under § 167(a), and how does the priority-ordering directive of § 161 affect the application of these provisions?",judgment,multi_hop,"The capitalization provision of § 263(a) takes precedence over the depreciation allowance under § 167(a) due to the priority-ordering directive of § 161, which states that deductions in Part VI of Subchapter B are subject to the exceptions in Part IX, where § 263 is located. This means that expenditures incurred in acquiring capital assets must be capitalized, even if they might be deductible under Part VI, unless an exception applies.",judgment_30_commissioner_v_idaho_power,9,,"judgment_30_commissioner_v_idaho_power, p.9",yes,Commissioner v. Idaho Power Co. (1974),"§ 263(a), § 167(a), § 161, capitalization, depreciation",high,judgment_30_commissioner_v_idaho_power_p9_c9,"e' as the using up of labor or other items of direct cost.' 26 Finally, the priority-ordering directive of § 161—or, for that matter, § 261 of the Code, 26 U.S.C. § 261 12 —requires that the capitalization provision of § 263(a) take precedence, on the facts here, over § 167(a). Section 161 provides ..."
Q021,"What was the substituted amount for '65' in Subsec. (f)(2)(A) by Pub. L. 105–178, § 9010(c)(1)?",act,factual,$100,act_sec132,6,IRC §132,"act_sec132, p.6",yes,IRC Section 132 - Fringe Benefits,"Subsec. (f)(2)(A), Pub. L. 105–178",high,act_sec132_p6_c12,"108–121, § 103(a), added par. (8). Subsecs. (n), (o). Pub. L. 108–121, § 103(b), added subsec. (n) and redesignated former subsec. (n) as (o). 2001—Subsec. (a)(7). Pub. L. 107–16, § 665(a), added par. (7). Subsecs. (m), (n). Pub. L. 107–16, § 665(b), added subsec. (m) and redesignated former subsec...."
Q022,"What inference can be drawn from the defendants' decision not to provide a correct license, and how does this relate to the meaning of the letter mentioning Tom's arrival and the plan to go south tomorrow?",judgment,multi_hop,"The inference that can be drawn from the defendants' decision not to provide a correct license is a consciousness of guilt. This is related to the meaning of the letter, as the letter's meaning can be inferred by the jury, especially considering the context of the crime, and the fact that only Ruth Elizabeth Chapman could have provided clarity on the letter's meaning, but she chose not to testify.",judgment_22_united_states_v_gilmore,8,,"judgment_22_united_states_v_gilmore, p.8",yes,United States v. Gilmore (1963),"consciousness of guilt, adverse interest, inference",high,judgment_22_united_states_v_gilmore_p8_c8,"fter the crime and why they .didn’t put the correct license down' and-whatever inference you draw you are permitted to draw since they do not - choose to tell you an adverse interest, and I would say, ladies 'and gentlemen, that it is an adverse interest to the defendants. It shows a consciousness o..."
Q023,How does the exception to the partial interest rule for 'qualified conservation contributions' reconcile the general disallowance of deductions for contributions of less than the taxpayer's entire interest in property?,pov,interpretive,"The exception reconciles the general disallowance by allowing a deduction for the contribution of a qualified real property interest to a qualified organization exclusively for conservation purposes, such as conservation easements, which are granted in perpetuity and serve conservation purposes like habitat protection or historic structure preservation.",pov_tf_02_capgains,62,,"pov_tf_02_capgains, p.62",yes,Tax Foundation: 02 Capgains,"qualified conservation contributions, partial interest rule",high,pov_tf_02_capgains_p62_c61,56 General Explanations of the Administration’s Fiscal Year 2023 Revenue Proposals LIMIT A PARTNER’S DEDUCTION IN CERTAIN SYNDICATED CONSERVATION EASEMENT TRANSACTIONS Current Law A charitable contribution deduction is generally allowable for contributions of cash and other property to tax-exempt ch...
Q024,"What are the conditions under which a taxpayer can revoke a § 168(k)(7) election, and how does the revocation apply to depreciable property placed in service during the same taxable year?",pov,multi_hop,"A taxpayer can revoke a § 168(k)(7) election if they made the election on their timely filed original Federal income tax return or Form 1065 for the placed-in-service year of such depreciable property and the return was filed on or before April 17, 2020, or made the election in accordance with section 4 or 5 of Rev. Proc. 2019-33. The revocation applies to all property included in the class of property and placed in service during the same taxable year, as stated in section 5.02(2) of this revenue procedure.",pov_crs_09_depreciation,15,,"pov_crs_09_depreciation, p.15",yes,Crs Report: 09 Depreciation,"§ 168(k)(7) election, depreciable property, Rev. Proc. 2019-33, section 5.02(2)",high,pov_crs_09_depreciation_p15_c15,"15 (1) A taxpayer that (a) placed in service depreciable property during its 2018, 2019, or 2020 taxable year, (b) made a § 168(k)(5) election or § 168(k)(7) election on its timely filed original Federal income tax return or Form 1065 for the placed-in-service year of such depreciable property and s..."
Q025,"What can be inferred about the accessibility of the GAO reports listed, based on the error messages provided?",pov,interpretive,"The error messages suggest that the GAO reports are not accessible due to a failure to resolve the 'www.gao.gov' domain, indicating a potential issue with the connection or the server.",failed_pov,1,,"failed_pov, p.1",yes,Failed Pov,"HTTPSConnectionPool, NameResolutionError, getaddrinfo failed",medium,failed_pov_p1_c1,CRS|pov_crs_01_gross_income.pdf|http_403 CRS|pov_crs_02_business_expense.pdf|http_403 CRS|pov_crs_03_charitable.pdf|http_403 CRS|pov_crs_04_exempt_orgs.pdf|http_403 CRS|pov_crs_05_like_kind.pdf|http_403 CRS|pov_crs_06_capital_gains.pdf|http_403 CRS|pov_crs_07_ira.pdf|http_403 CRS|pov_crs_08_qbi.pdf|...
Q026,How does the estimated coefficient on wealth affect bequests according to the report on page 17 of the Gao Report: 05 Smallbiz?,pov,factual,"The estimated coefficient on wealth is 0.094 with a standard error of 0.009, indicating a positive relationship between wealth and bequests.",pov_gao_05_smallbiz,17,,"pov_gao_05_smallbiz, p.17",yes,Gao Report: 05 Smallbiz,"estimated coefficient, wealth, bequests",high,pov_gao_05_smallbiz_p17_c17,"law in effect in the year of death even though changes in tax regimes are known in advance. This restriction is relaxed later on, where the future tax price is employed. Reflecting the censored nature of the data, FIML Tobit is employed in estimating (8) with results reported in Table 3. Beginning w..."
Q027,"What is the significance of Congress' failure to act on the IRS rulings of 1970 and 1971, and how does this relate to the concept of legislative acquiescence in the context of § 170 and § 501(c)(3)?",judgment,multi_hop,"The significance of Congress' failure to act on the IRS rulings of 1970 and 1971 lies in its implication of legislative acquiescence, where Congress, being aware of the IRS rulings and the denial of tax-exempt status for racially discriminatory schools, has chosen not to modify these rulings despite being constantly reminded of them through public discourse and its own studies, thereby ratifying the 1970 and 1971 rulings by implication, as noted on page 12 of the Bob Jones University v. United States (1983) judgment.",judgment_07_bob_jones_university_v_united_states,12,,"judgment_07_bob_jones_university_v_united_states, p.12",yes,Bob Jones University v. United States (1983),"legislative acquiescence, § 170, § 501(c)(3), IRS rulings",high,judgment_07_bob_jones_university_v_united_states_p12_c12,"ounced its interpretation of § 170 and § 501(c)(3) in 1970 and 1971. 24 D The actions of Congress since 1970 leave no doubt that the IRS reached the correct conclusion in exercising its authority. It is, of course, not unknown for independent agencies or the Executive Branch to misconstrue the inten..."
Q028,"How does the definition of 'receipt' in IRC §61 impact the tax treatment of a qualified taxpayer who has a right to receive, but has not yet actually received, an agricultural commodity under a 1983 payment-in-kind program?",act,interpretive,"According to paragraph (4) of IRC §61, a right to receive (or other constructive receipt of) a commodity is treated the same as actual receipt of such commodity, implying that the qualified taxpayer would be subject to tax on the commodity as if it had been physically received.",act_sec61,2,IRC §61,"act_sec61, p.2",yes,IRC Section 61 - Gross Income Defined,"receipt, constructive receipt, qualified taxpayer",high,act_sec61_p2_c5,"program for the 1983 crop year— ‘‘(A) under which the Secretary of Agriculture (or his delegate) makes payments in kind of any agri- cultural commodity to any person in return for— ‘‘(i) the diversion of farm acreage from the pro- duction of an agricultural commodity, and ‘‘(ii) the devotion of such..."
Q029,What is the title of the section on page 3 of the provided document?,act,factual,IRC §212,act_sec212,3,IRC §212,"act_sec212, p.3",yes,IRC Section 212 - Expenses for Income Production,"IRC §212, page 3",high,act_sec212_p3_c3,Browse • A to Z • Category • Date • Committee • Author About • About • Policies • Authentication • Digital Preservation • History • Agency Submission • U.S. Government Information • FDsys Retirement Developers • Developer Hub • API • Bulk Data Repository • Link Service • Feeds • Sitemaps • System De...
Q030,What are the specific charitable donation limits for individuals under section 451(c) of the tax code?,pov,unanswerable,This information is not available in the provided legal text.,pov_tf_04_charitable,11,,"pov_tf_04_charitable, p.11",no,Tax Foundation: 04 Charitable,"section 451(c), charitable donation limits",unanswerable,pov_tf_04_charitable_p11_c22,"section 451(c). Under section 451(c), the advance payment is included in gross income under the full inclu- sion method or the 1-year deferral method. Expenses Under an accrual method of accounting, you generally de- duct or capitalize a business expense when both the fol- lowing apply. 1. The all-e..."
Q031,What specific tax implications arose from the hedging transactions in the subsequent years following the Corn Products Refining Co. v. Commissioner case?,judgment,unanswerable,This information is not available in the provided legal text.,judgment_19_arkansas_best_corporation_v_commissioner,5,,"judgment_19_arkansas_best_corporation_v_commissioner, p.5",no,Arkansas Best Corp. v. Commissioner (1988),"hedging, tax implications",unanswerable,judgment_19_arkansas_best_corporation_v_commissioner_p5_c5,"nce on its reading of Corn Products Refining Co. v. Commissioner, 350 U.S. 46 , 76 S.Ct. 20, 100 L.Ed. 29 (1955)—a reading we believe is too expansive. In Corn Products, the Court considered whether income arising from a taxpayer's dealings in corn futures was entitled to capital-gains treatment. Th..."
Q032,What are the specific depreciation methods allowed for rental real estate enterprises under section 199A?,pov,unanswerable,This information is not available in the provided legal text.,pov_crs_08_qbi,6,,"pov_crs_08_qbi, p.6",no,Crs Report: 08 Qbi,"section 199A, rental real estate enterprise, depreciation methods",unanswerable,pov_crs_08_qbi_p6_c6,6 revenue procedure provides a safe harbor for treating a rental real estate enterprise as a trade or business solely for purposes of the section 199A deduction. SECTION 3. RULES OF APPLICATION .01 In general. This safe harbor is available to taxpayers who seek to claim the deduction under section 1...
Q033,How did the court in Old Colony Trust Co. v. Commissioner determine the measure of the benefit resulting to the beneficiary from coming into possession or enjoyment of the property after the expiration of a life estate?,judgment,interpretive,The court determined that the measure of the benefit resulting to the beneficiary from coming into possession or enjoyment of the property after the expiration of a life estate is the value of the property at the time of the transferor's death,judgment_02_old_colony_trust_co_v_commissioner,5,,"judgment_02_old_colony_trust_co_v_commissioner, p.5",yes,Old Colony Trust Co. v. Commissioner (1929),"bona fide purchase, full consideration in money or money's worth, life estate",high,judgment_02_old_colony_trust_co_v_commissioner_p5_c5,"le lived together until Wallace’s death in 1927. By this transaction and other gifts made in 1919 with Alice Geldert’s consent, Wallace reduced his property to about $225,000. This court held (pp. 221-225) that there was not “a bona fide purchase for full consideration in money or money’s worth,” al..."
Q034,What variables are included in Xi?,pov,factual,"Xi contains the Marginal Tax Rate, log(Disposable Income), Age, Marital Status, and Number of Children.",pov_gao_04_penalties,10,,"pov_gao_04_penalties, p.10",yes,Gao Report: 04 Penalties,"Marginal Tax Rate, Disposable Income",high,pov_gao_04_penalties_p10_c10,"8 where the dependent variable will represent a deductible IRA contribution in 1997, and either a deductible or Roth IRA contribution in 1998. I will not investigate Roth and deductible contributions separately since many taxpayers were eligible to contribute to both (see Tables 5 and 6). The choice..."
Q035,What is the specific procedure for filing an amended tax return in cases where the taxpayer has claimed a loss on a mortgaged property?,judgment,unanswerable,This information is not available in the provided legal text.,judgment_15_crane_v_commissioner,6,,"judgment_15_crane_v_commissioner, p.6",no,Crane v. Commissioner (1947),,unanswerable,judgment_15_crane_v_commissioner_p6_c6,"million dollar property for roughly one per cent of its value, and took a 99 per cent loss. Actually, petitioner does not urge this. She argues, conversely, that because only $2,500.00 was realized on the sale, the 'property' sold must have been the equity only, and that consequently we are forced t..."
Q036,"What is the interpretation of the term 'gift' in the context of the gift tax statute, and how does this interpretation relate to the treatment of transfers made for consideration, as discussed in the context of estate tax and income tax?",judgment,multi_hop,"The term 'gift' in the gift tax statute is interpreted to include transfers made without consideration, and this interpretation is consistent with the treatment of transfers in the context of estate tax and income tax, as the court finds that a transfer made for consideration is not a gift for gift tax purposes, and that the gift tax statute should be construed to have the same effect as the estate tax and income tax statutes, as seen in the discussion on page 4 of the Farid-Es-Sultaneh v. Commissioner judgment.",judgment_13_faridessultaneh_v_commissioner,4,,"judgment_13_faridessultaneh_v_commissioner, p.4",yes,Farid-Es-Sultaneh v. Commissioner (1947),"gift, gift tax, estate tax, income tax, consideration",high,judgment_13_faridessultaneh_v_commissioner_p4_c4,"orth in admin- pursuant wife the transferor prospective of law, 1932, the istering estate tax Rev.Act of ante-nuptial agreement. to the terms of an 804, Int.Rev.Acts, 642, page 26 U.S.C.A. § transfer, solely being held that the It was provision and in failed to include a such the promise mar- of con..."
Q037,What does gross income include under section 61 of the Code?,pov,factual,"Gross income includes, but is not limited to, compensation for services, gross income derived from business, and gains from dealings in property.",pov_jct_06_capgains,4,,"pov_jct_06_capgains, p.4",yes,Jct Report: 06 Capgains,"gross income, section 61",high,pov_jct_06_capgains_p4_c4,"- 4 - dispose of any interest in the 2 units of M in any manner. The following day, on Date 3, A has the ability to sell, exchange, or otherwise dispose of the 2 units of M.2 LAW Section 61(a) provides the general rule that, except as otherwise provided by subtitle A of the Code, gross income means ..."
Q038,"How does the introduction of the concept of a 'consolidated reporting statement' in section 6045(b) impact the deadline for reporting entities to furnish required payee statements, and what implications does this have for the penalty imposed by section 6722?",pov,interpretive,"The introduction of the concept of a 'consolidated reporting statement' in section 6045(b) allows reporting entities to furnish other required items by the extended deadline when these items are furnished with a consolidated reporting statement, potentially mitigating the penalty imposed by section 6722 for failing to furnish required payee statements by the deadline.",pov_crs_12_hobby_loss,2,,"pov_crs_12_hobby_loss, p.2",yes,Crs Report: 12 Hobby Loss,"consolidated reporting statement, section 6045(b), section 6722",medium,pov_crs_12_hobby_loss_p2_c2,2 language to section 6045(b) to permit reporting entities to furnish other items that they must report to customers in January by the extended deadline when these other items are furnished with a “consolidated reporting statement (as defined in regulations).” There is not yet a regulatory definitio...
Q039,On what date was Pub. L. 97–248 enacted?,act,factual,"September 3, 1982",act_sec163,11,IRC §163,"act_sec163, p.11",yes,IRC Section 163 - Interest Deduction,"Pub. L. 97–248, enactment date",high,act_sec163_p11_c23,"§§ 205(c)(3), 209(a), title XIX, §§ 1901(b)(3)(K), (8)(C), 1906(b)(13)(A), Oct. 4, 1976, 90 Stat. 1535, 1542, 1793, 1794, 1834; Pub. L. 97–248, title II, § 231(b), title III, § 310(b)(2), Sept. 3, 1982, 96 Stat. 498, 596; Pub. L. 97–354, § 5(a)(18), Oct. 19, 1982, 96 Stat. 1693; Pub. L. 98–369, div...."
Q040,What is the specific procedure for claiming the Mortgage Interest Deduction on a tax return for a primary residence in a different country?,pov,unanswerable,This information is not available in the provided legal text.,pov_gao_01_tax_exempt,27,,"pov_gao_01_tax_exempt, p.27",no,Gao Report: 01 Tax Exempt,"Mortgage Interest Deduction, tax return, primary residence",unanswerable,pov_gao_01_tax_exempt_p27_c27,"interest. The results of the probit equation on itemization are discussed above. The results of the equation estimating the level of the deduction are shown in the second column of Table 6. Again, all of the estimated coefficients have the expected signs. The amount of mortgage interest deducted inc..."
Q041,"How do the proposed regulations under section 1446(f) balance the need to reduce overwithholding with the requirement to verify the accuracy of certifications, particularly in cases where certifications are received after the date of payment?",pov,interpretive,"The proposed regulations balance the need to reduce overwithholding with the requirement to verify the accuracy of certifications by permitting brokers to rely on late certifications under certain conditions, such as receiving a valid certification within 30 days of payment or obtaining a signed affidavit and documentary evidence to support treaty claims made on the certificate.",pov_crs_06_capital_gains,5,,"pov_crs_06_capital_gains, p.5",yes,Crs Report: 06 Capital Gains,"section 1446(f), late certifications, overwithholding",high,pov_crs_06_capital_gains_p5_c5,be amended to provide that those same provisions apply for purposes of applying section 1446(f) on the transfer of a PTP interest. The Treasury Department and the IRS have determined that it is appropriate to allow brokers to rely on late certifications for purposes of withholding under section 1446...
Q042,"What are the two elements that comprise the sales price as of January 15, 1979, and how do these elements relate to the partnership's obligation to pay the sales price of $1,224,000 as stated in the sales agreement?",judgment,multi_hop,"The two elements that comprise the sales price are: (1) the balance due on mortgages, including a first mortgage dated May 17, 1961, a second mortgage, and any other mortgages placed later by the Romneys, and (2) the 'Seller's equity', defined as the difference between the outstanding encumbrances and the value of the property. These elements relate to the partnership's obligation in that the sales agreement purports to create an obligation to pay $1,224,000, but the true price is computed according to a formula based on these elements as of January 15, 1979, at which point the partnership may elect to consummate or withdraw from the transaction.",judgment_21_estate_of_franklin_v_commissioner,9,,"judgment_21_estate_of_franklin_v_commissioner, p.9",yes,Estate of Franklin v. Commissioner (1976),"sales price, mortgages, Seller's equity",high,judgment_21_estate_of_franklin_v_commissioner_p9_c9,"is read with the contemporaneously executed lease, in the light of the record as a whole, the arrangement has the characteristics of an option. We think those characteristics clearly predominate. We base our conclusion on the totality of the following considerations: First, the sales agreement purpo..."
Q043,What is the applicable amount for a joint return or a surviving spouse under IRC §68?,act,factual,"$300,000",act_sec68,2,IRC §68,"act_sec68, p.2",yes,IRC Section 68 - Overall Limitation on Itemized Deductions,"applicable amount, joint return, surviving spouse",high,act_sec68_p2_c4,"Page 461 TITLE 26—INTERNAL REVENUE CODE § 68 lowable for the taxable year shall be reduced by the lesser of— (1) 3 percent of the excess of adjusted gross income over the applicable amount, or (2) 80 percent of the amount of the itemized deductions otherwise allowable for such tax- able year. (b) Ap..."
Q044,What is the specific procedure for filing an appeal in a case like United States v. Kirby Lumber Co.?,judgment,unanswerable,This information is not available in the provided legal text.,judgment_12_united_states_v_kirby_lumber,1,,"judgment_12_united_states_v_kirby_lumber, p.1",no,United States v. Kirby Lumber Co. (1931),,unanswerable,judgment_12_united_states_v_kirby_lumber_p1_c1,"UNITED STATES v. KIRBY LUMBER CO. | Supreme Court | US Law | LII / Legal Information Institute Please help us improve our site! × No thank you UNITED STATES v. KIRBY LUMBER CO. Supreme Court 284 U.S. 1 52 S.Ct. 4 76 L.Ed. 131 UNITED STATES v. KIRBY LUMBER CO. No. 26. Argued Oct. 21, 1931. Decided No..."
Q045,"How does the vehicle cents-per-mile valuation rule define 'personal miles' for purposes of calculating the value of the benefit provided to an employee, and what implications does this definition have for the application of the rule?",pov,interpretive,"The vehicle cents-per-mile valuation rule defines 'personal miles' as all miles for which the employee used the automobile except miles driven in the employee’s trade or business of being an employee of the employer, as stated in Section 1.61-21(e)(4). This definition implies that employers must distinguish between personal and business use of the vehicle to accurately calculate the value of the benefit provided, and that failure to do so may result in incorrect application of the rule.",pov_jct_07_penalties,6,,"pov_jct_07_penalties, p.6",yes,Jct Report: 07 Penalties,"vehicle cents-per-mile valuation rule, personal miles, Section 1.61-21(e)(4)",high,pov_jct_07_penalties_p6_c6,"6 B. VEHICLE CENTS-PER-MILE VALUATION RULE Under the vehicle cents-per-mile valuation rule, the value of the benefit provided in the calendar year equals the standard mileage rate (cents-per-mile rate) multiplied by the total number of miles the vehicle is driven by the employee for personal purpose..."
Q046,What is the deadline for filing an amended return for social security benefits received in 2024?,tax,unanswerable,This information is not available in the provided legal text.,tax_pub17,66,,"tax_pub17, p.66",no,IRS Publication 17 - Your Federal Income Tax,"amended return, social security benefits, filing deadline",unanswerable,tax_pub17_p66_c182,"are included in your 2025 income, no adjustment is made to the earlier year's return. Don’t file an amended return for the earlier year. Examples The following are a few examples you can use as a guide to figure the taxable part of your ben- efits. Example 1. You are single and file Form 1040 for 20..."
Q047,What is compared to the good will of an old partnership in the context of expenses?,judgment,factual,Reputation and learning,judgment_04_welch_v_helvering,3,,"judgment_04_welch_v_helvering, p.3",yes,Welch v. Helvering (1933),"reputation, learning, capital assets",high,judgment_04_welch_v_helvering_p3_c3,"confirmed. But nothing told us by this record or within the sphere of our judicial notice permits us to give that extension to what is ordinary and necessary. Indeed, to do so would open the door to -many bizarre analogies. One man has a family name that is clouded by thefts committed by an ancestor..."
Q048,What type of businesses does this chapter not apply to?,tax,factual,"A personal service business, such as the business of a doctor, lawyer, carpenter, or painter.",tax_pub334,28,,"tax_pub334, p.28",yes,IRS Publication 334 - Tax Guide for Small Business,"personal service business, cost of goods sold",high,tax_pub334_p28_c55,for returned merchandise and any other allowan- ces you make on sales are deductions from gross sales in figuring net sales. Advance payments. Special rules dealing with an ac- crual method of accounting for payments received in ad- vance are discussed in chapter 2 under Accrual Method. Insurance pr...
Q049,What conditions must an eating facility meet to be considered an employer-operated eating facility for employees?,tax,factual,"The facility must be owned or leased by the employer, operated by the employer, located on or near the business premises, and provide meals during or immediately before/after the employee's workday.",tax_pub15b,19,,"tax_pub15b, p.19",yes,IRS Publication 15B - Employers Tax Guide to Fringe Benefits,"employer-operated eating facility, business premises",high,tax_pub15b_p19_c37,"aren’t primarily performed on the premises of the eating facility aren’t included in direct operating costs. For this purpose, your revenue from providing a meal is considered equal to the facility’s direct operating costs to provide that meal if its value can be excluded from an em- ployee’s wages,..."
Q050,"What is the impact of including stock option income on NIPA Wages and Salaries, and how does this compare to the effect of spread income deductions on NIPA Profits Before Tax?",pov,multi_hop,"Including stock option income in NIPA Wages and Salaries results in a 2.4 percent increase between CY 2000 and CY 2001, whereas excluding it yields a 3.4 percent increase. In contrast, spread income deductions reduce NIPA Profits Before Tax by approximately 14 percent in CY 2000, and if deducted from pre-tax book income, would have decreased it by 10 to 20 percent for sample firms between TY 1997-2001.",pov_gao_02_likekind,18,,"pov_gao_02_likekind, p.18",yes,Gao Report: 02 Likekind,"NIPA Wages and Salaries, stock option income, NIPA Profits Before Tax, spread income deductions",high,pov_gao_02_likekind_p18_c18,"16 total NIPA Wages and Salaries. 21 (See Table 2.) While stock option income is small relative to more traditional forms of compensation, the volatility of this income can have significant implications for macro and tax receipt forecasters. For example, when stock option income is included, NIPA Wa..."
Q051,How does the context of corporate reorganizations under IRC §368 inform the interpretation of a 'reorganization' for tax purposes?,act,interpretive,"The interpretation of a 'reorganization' under IRC §368 would depend on the specific language and intent of the section, considering factors such as the continuity of business enterprise and the net worth requirements, to determine whether a particular transaction qualifies as a reorganization for tax purposes.",act_sec368,3,IRC §368,"act_sec368, p.3",yes,IRC Section 368 - Corporate Reorganizations,"corporate reorganizations, reorganization, tax purposes",medium,act_sec368_p3_c3,Browse • A to Z • Category • Date • Committee • Author About • About • Policies • Authentication • Digital Preservation • History • Agency Submission • U.S. Government Information • FDsys Retirement Developers • Developer Hub • API • Bulk Data Repository • Link Service • Feeds • Sitemaps • System De...
Q052,On what grounds did respondent disallow petitioners' management fees deduction?,judgment,factual,"Respondent disallowed petitioners' management fees deduction on the primary ground that petitioners did not establish that the fees were ordinary and necessary expenses incurred in business or for the production of income, or that they were incurred in connection with an activity entered into for profit.",judgment_20_grodt_mckay_realty_v_commissioner,11,,"judgment_20_grodt_mckay_realty_v_commissioner, p.11",yes,Grodt & McKay Realty v. Commissioner (1981),"management fees, ordinary and necessary expenses",high,judgment_20_grodt_mckay_realty_v_commissioner_p11_c11,"le-breeding activity was entered into for profit. As a second alternative, respondent limited petitioners’ depreciation deductions to amounts calculated using a fair market value for the cattle of $800 per head. Respondent disallowed petitioners’ management fees deduction on the primary ground that ..."
Q053,"How does the term 'applicable policyholder' expand to include related persons under IRC §101, and what are the implications of this expansion for employer-owned life insurance contracts?",act,interpretive,"The term 'applicable policyholder' expands to include related persons as specified in section 267(b) or 707(b)(1), or those engaged in trades or businesses under common control, thereby encompassing a broader range of entities and individuals with respect to employer-owned life insurance contracts.",act_sec101,5,IRC §101,"act_sec101, p.5",yes,IRC Section 101 - Life Insurance Exclusions,"applicable policyholder, related persons, employer-owned life insurance contract",high,act_sec101_p5_c10,"in a trade or business and under which such person (or a related person described in subparagraph (B)(ii)) is directly or indi- rectly a beneficiary under the contract, and (ii) covers the life of an insured who is an employee with respect to the trade or busi- ness of the applicable policyholder on..."
Q054,What is the adjusted gross income limitation under section 25B(b)(1)(A) for determining the retirement savings contributions credit for married taxpayers filing a joint return in 2024?,pov,factual,"$46,000",pov_crs_03_charitable,3,,"pov_crs_03_charitable, p.3",yes,Crs Report: 03 Charitable,"adjusted gross income limitation, section 25B(b)(1)(A), retirement savings contributions credit",high,pov_crs_03_charitable_p3_c3,"3 to contracts purchased or received in an exchange on or after December 29, 2022 remains $200,000. The Code provides that the $1,000,000,000 threshold used to determine whether a multiemployer plan is a systemically important plan under section 432(e)(9)(H)(v)(III)(aa) of the Code is adjusted using..."
Q055,How does the distinction between 'property held for personal use' and 'property used for the production of income' impact the tax treatment of gains and losses from the sale or exchange of such properties?,tax,interpretive,"The tax treatment of gains and losses from the sale or exchange of properties differs based on whether the property is held for personal use or used for the production of income. While gains from the sale of personal-use property are considered capital gains and losses are not deductible, properties used for income production are subject to different rules as outlined under 'Business assets' and may not be treated as capital assets.",tax_pub544,30,,"tax_pub544, p.30",yes,IRS Publication 544 - Sales of Business Property,"capital asset, personal-use property, investment property, business assets",high,tax_pub544_p30_c65,"casual sales of the timber. Personal-use property. Generally, property held for per- sonal use is a capital asset. Gain from a sale or exchange of that property is a capital gain. Loss from the sale or ex- change of that property is not deductible. Investment property. Investment property (such as s..."
Q056,"What is the purpose of the section regarding corporate reorganizations, and how does this purpose relate to the underlying presupposition that the readjustment shall be undertaken for reasons germane to the conduct of the venture in hand?",judgment,multi_hop,"The purpose of the section is to allow men engaged in enterprises to consolidate, divide, add to, or subtract from their holdings without realizing a profit, as the collective interests still remain in solution. This purpose is related to the underlying presupposition that the readjustment shall be undertaken for reasons germane to the conduct of the venture in hand, not as an ephemeral incident, such as dodging shareholders' taxes, which is not one of the transactions contemplated as corporate 'reorganizations' (Page 3, Gregory v. Helvering)",judgment_08_gregory_v_helvering,3,,"judgment_08_gregory_v_helvering, p.3",yes,Gregory v. Helvering (1935),"corporate reorganizations, collective interests, venture in hand",high,judgment_08_gregory_v_helvering_p3_c3,"the room for interpretation must contract; but the meaning of a sentence may be <span class=""star-pagination"">*811</span> more than that of the separate words, as a melody is more than the notes, and no degree of particularity can ever obviate recourse to the setting in which all appear, and which a..."
Q057,"What is the age limit for the protected class under the ADEA, as stated in § 631(a)?",judgment,factual,At least 40 years of age,judgment_27_textron_inc_v_united_states,15,,"judgment_27_textron_inc_v_united_states, p.15",yes,Textron Inc. v. United States (2009),"ADEA, protected class, age limit",high,judgment_27_textron_inc_v_united_states_p15_c15,"tion between each element of the prima facie case and the illegal discrimination for which it establishes a “legally mandatory, rebuttable presumption,” Burdine, supra at 254, n 7 . The element of replacement by someone under 40 fails this requirement. The discrimination prohibited by the adea is di..."
Q058,"What was the substitution made by Pub. L. 101–508, § 11101(d)(1)(F) in Subsec. (d)(3)(B) of IRC § 151?",act,factual,The substitution of ‘‘1989’’ for ‘‘1987’’,act_sec151,3,IRC §151,"act_sec151, p.3",yes,IRC Section 151 - Personal Exemptions,"Pub. L. 101–508, IRC § 151, Subsec. (d)(3)(B)",high,act_sec151_p3_c6,"Page 717 TITLE 26—INTERNAL REVENUE CODE § 151 Subsec. (d)(3)(B). Pub. L. 101–508, § 11101(d)(1)(F), sub- stituted ‘‘1989’’ for ‘‘1987’’. 1988—Subsec. (c)(1)(B)(ii). Pub. L. 100–647 inserted ‘‘who has not attained the age of 24 at the close of such calendar year’’ after ‘‘student’’. 1986—Subsec. (c)...."
Q059,"What is the business-use requirement for listed property, and how does this requirement relate to claiming a special depreciation allowance or the section 179 deduction?",tax,multi_hop,"The business-use requirement for listed property states that the property must be used predominantly (more than 50%) for qualified business use to claim the section 179 deduction or a special depreciation allowance. For business aircraft, an additional 25% test must be met. This requirement is crucial in determining the eligibility for these deductions, as stated on page 51 of IRS Publication 946.",tax_pub946,51,,"tax_pub946, p.51",yes,IRS Publication 946 - How to Depreciate Property,"business-use requirement, listed property, section 179 deduction, special depreciation allowance",high,tax_pub946_p51_c97,"recapture for residential rental and nonresi- dential real property unless that property is qualified prop- erty for which you claimed a special depreciation allow- ance. For more information on depreciation recapture, see Pub. 544. 5. Additional Rules for Listed Property Introduction This chapter d..."
Q060,"How did the court distinguish between an investor and a trader in the securities market, and what implications does this distinction have for the plaintiffs' activities?",judgment,interpretive,"The court distinguished between an investor and a trader by defining a trading account as one in which 'securities are bought and sold with reasonable frequency in an endeavor to catch the swings in the daily market movements and profit thereby on a short-term basis.' The plaintiffs were considered investors rather than traders because they were primarily interested in long-term growth and the payment of dividends, rather than short-term profits.",judgment_26_moller_v_united_states,6,,"judgment_26_moller_v_united_states, p.6",yes,Moller v. United States (1983),"trader, investor, trading account",high,judgment_26_moller_v_united_states_p6_c6,", filing cabinets, a typewriter, a checkwriter, a postage meter, and a 2-drawer filing cabinet for current files. All of the books, records, documents, publications, and services previously described were stored in this office.</p> <p>At all times pertinent to this case, the plaintiffs also maintain..."
Q061,What is the basis of the property received in a like-kind exchange of real property?,pov,factual,The basis of the property received is generally the same as the basis of the property given up.,pov_jct_01_tcja,12,,"pov_jct_01_tcja, p.12",yes,Jct Report: 01 Tcja,"like-kind exchange, basis",high,pov_jct_01_tcja_p12_c22,"A nontaxable exchange is an exchange in which you're not taxed on any gain and you can't deduct any loss. If you re- ceive property in a nontaxable exchange, its basis is usu- ally the same as the basis of the property you transferred. A nontaxable gain or loss is also known as an unrecog- nized gai..."
Q062,"What is the significance of the phrase 'gains or profits and income derived from any source whatever' in § 22 (a), and how does the court's interpretation of this phrase relate to the characterization of income in Eisner v. Macomber?",judgment,multi_hop,"The phrase 'gains or profits and income derived from any source whatever' in § 22 (a) is significant because it adds to the meaning of 'gross income', and the court's interpretation of this phrase is distinct from the characterization of income in Eisner v. Macomber, which defined income as 'the gain derived from capital, from labor, or from both combined' in the context of distinguishing gain from capital, but not intended as a touchstone for all future gross income questions (Page 3, Commissioner v. Glenshaw Glass Co.)",judgment_01_commissioner_v_glenshaw_glass,3,,"judgment_01_commissioner_v_glenshaw_glass, p.3",yes,Commissioner v. Glenshaw Glass Co. (1955),"gross income, gains or profits, Eisner v. Macomber",high,judgment_01_commissioner_v_glenshaw_glass_p3_c3,"l provision of § 22 (a), “gains or profits and income derived from any source whatever.” The importance of that phrase has been too frequently recognized since its first appearance in the Revenue Act of 1913 5 to say now that it adds nothing to the meaning of “gross income.” Nor can we accept respon..."
Q063,"In the case of Edem v. Comm’r, T.C. Memo. 2013-238, what was the result of the taxpayers' failure to introduce evidence to substantiate business expenses?",pov,factual,Deductions were denied,pov_irs_01_sec162,5,,"pov_irs_01_sec162, p.5",yes,Irs Analysis: 01 Sec162,"Edem v. Comm’r, substantiate business expenses",high,pov_irs_01_sec162_p5_c8,"(deduction denied for grain farming expenses for failure to substantiate; court did not reach question of profit motive); Edem v. Comm’r, T.C. Memo. 2013-238 (taxpayers introduced no evidence to substanti­ ate business expenses; deductions were denied); Gorokhovsky v. Comm’r, 549 F. App’x 527 (7th C..."
Q064,"What is the definition of a 'tax-exempt obligation' under IRC §265, and how does this definition relate to the concept of 'interest' as described in the same section?",act,multi_hop,"A 'tax-exempt obligation' is defined as any obligation the interest on which is wholly exempt from taxes imposed by this subtitle, including shares of stock of a regulated investment company which distributes exempt-interest dividends. This definition is related to the concept of 'interest' as it includes amounts paid in respect of deposits, investment certificates, or withdrawable or repurchasable shares, which are considered 'interest' for purposes of determining deductions for the taxable year.",act_sec265,4,IRC §265,"act_sec265, p.4",yes,IRC Section 265 - Expenses for Tax-Exempt Income,"tax-exempt obligation, interest",high,act_sec265_p4_c7,"Page 1016 TITLE 26—INTERNAL REVENUE CODE § 265 as a deduction for interest for the taxable year (determined without regard to this sub- section, section 264, and section 291). For purposes of the preceding sentence, the term ‘‘interest’’ includes amounts (whether or not designated as interest) paid ..."
Q065,"How does the treatment of a gift, bequest, devise, or inheritance of income from property, as outlined in IRC §102, impact the gross income of a beneficiary under subchapter J, particularly when the payment is made at intervals?",act,interpretive,"The treatment of a gift, bequest, devise, or inheritance of income from property as outlined in IRC §102 implies that to the extent it is paid or credited or to be distributed out of income from property, it shall be treated for purposes of paragraph (2) as a gift, bequest, devise, or inheritance of income from property, thus affecting the gross income of a beneficiary under subchapter J.",act_sec102,1,IRC §102,"act_sec102, p.1",yes,IRC Section 102 - Gifts and Inheritances Exclusion,"gift, bequest, devise, inheritance, gross income",high,act_sec102_p1_c3,"amount of such income. Where, under the terms of the gift, bequest, de- vise, or inheritance, the payment, crediting, or distribution thereof is to be made at intervals, then, to the extent that it is paid or credited or to be distributed out of income from property, it shall be treated for purposes..."
Q066,What year was subsection (e) added to IRC §263?,act,factual,1969,act_sec263,3,IRC §263,"act_sec263, p.3",yes,IRC Section 263 - Capital Expenditures,"IRC §263, subsection (e)",high,act_sec263_p3_c7,"subsec. (f) as (e) and struck out ‘‘or his delegate’’ after ‘‘Secretary’’. Former sub- sec. (e) redesignated (d). Subsec. (f). Pub. L. 94–455, §§ 1701(a), 1904(b)(10)(A)(i)(I), added subsec. (f). Former subsec. (f) redesignated (e). 1971—Subsec. (e). Pub. L. 92–178, § 109(c), substituted ‘‘shall, at..."
Q067,"What is the definition of a capital asset under IRC §1221, and how does this definition impact the categorization of assets under the provided legal text on page 3?",act,multi_hop,"The provided legal text does not explicitly define a capital asset, however, based on the context of IRC §1221, it can be inferred that the definition of a capital asset would impact the categorization of assets. Unfortunately, the text snippet does not provide sufficient information to fully answer this question.",act_sec1221,3,IRC §1221,"act_sec1221, p.3",yes,IRC Section 1221 - Capital Asset Defined,"capital asset, IRC §1221",low,act_sec1221_p3_c3,Browse • A to Z • Category • Date • Committee • Author About • About • Policies • Authentication • Digital Preservation • History • Agency Submission • U.S. Government Information • FDsys Retirement Developers • Developer Hub • API • Bulk Data Repository • Link Service • Feeds • Sitemaps • System De...
Q068,"What is the definition of taxable income for corporations prior to amendment, and how does this compare to the definition for individuals who do not itemize their deductions as stated in subsection (b) after the amendment?",act,multi_hop,"Prior to amendment, taxable income for corporations was defined as gross income minus the deductions allowed by this chapter. In contrast, for individuals who do not itemize their deductions as stated in subsection (b) after the amendment, the definition of taxable income is not explicitly stated in the provided text, but the amendment to subsection (b) implies a change in the calculation of taxable income for individuals. The exact definition for individuals who do not itemize their deductions is not provided in the given text, but it is clear that the amendment aimed to modify the calculation of taxable income.",act_sec63,3,IRC §63,"act_sec63, p.3",yes,IRC Section 63 - Taxable Income Defined,"taxable income, corporations, individuals, itemize deductions",medium,act_sec63_p3_c7,"blind) for the taxable year.’’ 1988—Subsec. (c)(5). Pub. L. 100–647 substituted ‘‘basic standard deduction’’ for ‘‘standard deduction’’ in head- ing and text. 1986—Subsec. (a). Pub. L. 99–514, § 102(a), substituted ‘‘In general’’ for ‘‘Corporations’’ in heading and amend- ed text generally. Prior to..."
Q069,What position does the taxpayer take regarding the basis of USP in the FP nonqualified preferred stock?,pov,factual,The taxpayer takes the position that USP takes a basis in the FP nonqualified preferred stock equal to its fair market value under §1.1032-1(d).,pov_crs_11_reorg,12,,"pov_crs_11_reorg, p.12",yes,Crs Report: 11 Reorg,"§1.1032-1(d), basis, fair market value",high,pov_crs_11_reorg_p12_c12,"12 transaction intended to qualify as a reorganization described in section 368(a)(1)(B). On a subsequent date, when FP still has no earnings and profits, FP redeems the FP nonqualified preferred stock held by USP in exchange for cash or a note. The taxpayer takes the position that FP’s acquisition ..."
Q070,"According to the IRS press release IR-2002-05, what was one purpose for the National Research Program?",pov,factual,A reduction in 'needless 'no change' audits' resulting from improved audit selection algorithms,pov_gao_03_retirement,21,,"pov_gao_03_retirement, p.21",yes,Gao Report: 03 Retirement,"IRS press release IR-2002-05, National Research Program, no change audits",high,pov_gao_03_retirement_p21_c21,"the number of audits that do not produce a direct change in tax liability.23 The IRS does not, to my knowledge, routinely estimate the indirect revenue produced by audits in the form of deterrence. Focus on the so-called no-change rate is therefore misguided, if audits do in fact induce improvements..."
Q071,What is the adjusted gross income limitation under section 25B(b)(1)(A) for determining the retirement savings contributions credit for married taxpayers filing a joint return in 2023?,pov,factual,"$43,500",pov_crs_07_ira,3,,"pov_crs_07_ira, p.3",yes,Crs Report: 07 Ira,"adjusted gross income limitation, section 25B(b)(1)(A), retirement savings contributions credit",high,pov_crs_07_ira_p3_c3,"3 section 432(e)(9)(H)(v)(III)(aa) of the Code is adjusted using the cost-of-living adjustment provided under section 432(e)(9)(H)(v)(III)(bb). After taking the applicable rounding rule into account, the threshold used to determine whether a multiemployer plan is a systemically important plan under ..."
Q072,What is the specific procedure for filing an amended tax return for a like-kind exchange under IRC Section 1031?,act,unanswerable,This information is not available in the provided legal text.,act_sec1031,3,IRC §1031,"act_sec1031, p.3",no,IRC Section 1031 - Like-Kind Exchanges,"like-kind exchange, amended tax return",unanswerable,act_sec1031_p3_c6,"106–36, in last sentence, sub- stituted ‘‘assumed (as determined under section 357(d)) a liability of the taxpayer’’ for ‘‘assumed a liability of the taxpayer or acquired from the taxpayer property subject to a liability’’ and struck out ‘‘or acquisition (in the amount of the liability)’’ after ‘‘su..."
Q073,What is the predecessor of Section 61(a) in the 1954 Code?,judgment,factual,Section 22(a) of the 1939 Code,judgment_03_cesarini_v_united_states,4,,"judgment_03_cesarini_v_united_states, p.4",yes,Cesarini v. United States (1969),"Section 61(a), Section 22(a), 1954 Code, 1939 Code",high,judgment_03_cesarini_v_united_states_p4_c4,"evenue ruling had not been issued two years later. 1 In partial summary, then, the arguments of the taxpayers which attempt to avoid the application of Rev.Rul. 61, 1953-1 are not well taken. The Dougherty ease simply does not hold one way or another on the problem before this Court, and therefore p..."
Q074,What are the specific filing requirements for charitable contributions made to foreign organizations?,tax,unanswerable,This information is not available in the provided legal text.,tax_pub526,21,,"tax_pub526, p.21",no,IRS Publication 526 - Charitable Contributions,"charitable contributions, filing requirements, foreign organizations",unanswerable,tax_pub526_p21_c42,"contributed part. See Ordinary In- come Property and Capital Gain Property, both earlier, for more information. Example. You sell ordinary income property with an FMV of $10,000 to a mosque for $2,000. Your basis is $4,000 and your AGI is $20,000. You make no other con- tributions during the year. T..."
Q075,What is the test of nondeductibility according to Tank Truck Rentals v. Commissioner?,judgment,factual,The test of nondeductibility always is the severity and immediacy of the frustration resulting from allowance of the deduction.,judgment_05_commissioner_v_tellier,4,,"judgment_05_commissioner_v_tellier, p.4",yes,Commissioner v. Tellier (1966),"nondeductibility, Tank Truck Rentals v. Commissioner",high,judgment_05_commissioner_v_tellier_p4_c4,"10 The Court has also given effect to a precise and longstanding Treasury Regulation prohibiting the deduction of a specified category of expenditures; an example is lobbying expenses, whose nondeductibility was supported by considerations not here present. Textile Mills Corp. v. Commissioner, 314 U..."
Q076,"How do the Treasury Department and the IRS expect comments to address the potential applicability of state charity laws to charitable LLCs, in terms of ensuring that assets remain dedicated to an exempt purpose and preventing private inurement?",pov,interpretive,"The Treasury Department and the IRS expect comments to recommend specific safeguards to ensure that charitable LLCs can satisfy federal statutory and regulatory requirements, including the requirement for assets to remain dedicated to an exempt purpose and the prohibition against private inurement, as well as comments on the interpretation of state LLC laws and their applicability to charitable LLCs.",pov_crs_04_exempt_orgs,8,,"pov_crs_04_exempt_orgs, p.8",yes,Crs Report: 04 Exempt Orgs,"exempt purpose, private inurement, charitable LLCs",high,pov_crs_04_exempt_orgs_p8_c8,"8 section 3 of this notice. Comments supporting recognition of section 501(c)(3) status for LLCs whose membership includes individuals and/or organizations other than section 501(c)(3) organizations, governmental units, or instrumentalities of a state or political subdivision thereof should recommen..."
Q077,What is the purpose of Section 111 of the Code as described in the provided text?,pov,factual,"Section 111 partially codifies the tax benefit rule, which generally requires a taxpayer to include in gross income recovered amounts that the taxpayer deducted in a prior taxable year to the extent those amounts reduced the taxpayer’s tax liability in the prior year.",pov_crs_01_gross_income,4,,"pov_crs_01_gross_income, p.4",yes,Crs Report: 01 Gross Income,"Section 111, tax benefit rule",high,pov_crs_01_gross_income_p4_c4,"Section 111(a) excludes from gross income amounts attributable to the recovery during the taxable year of any amount deducted in any prior year to the extent the amount did not reduce the amount of tax imposed by Chapter 1 of the Code. Section 111 partially codifies the tax benefit rule, which gener..."
Q078,What is the threshold for a corporation to obtain a qualified appraisal for deductions of property claimed?,pov,factual,"A corporation must obtain a qualified appraisal for all deductions of property claimed in excess of $5,000.",pov_tf_03_corporate,13,,"pov_tf_03_corporate, p.13",yes,Tax Foundation: 03 Corporate,"qualified appraisal, deductions of property",high,pov_tf_03_corporate_p13_c26,"Closely held and personal service corporations must complete and attach Form 8283, Noncash Charitable Contributions, to their returns if they claim a deduction of more than $500 for noncash contributions. For all other corporations, if the deduction claimed for donated prop- erty exceeds $5,000, com..."
Q079,What is the default classification for a domestic eligible entity with two or more owners under § 301.7701-3(b)(1)?,pov,factual,A partnership,pov_crs_05_like_kind,8,,"pov_crs_05_like_kind, p.8",yes,Crs Report: 05 Like Kind,"business entity, partnership, § 301.7701-3(b)(1)",high,pov_crs_05_like_kind_p8_c8,8 Section 301.7701-2(a) defines the term “business entity” as any entity recognized for federal tax purposes (including an entity with a single owner that may be disregarded as an entity separate from its owner under § 301.7701-3) that is not properly classified as a trust under § 301.7701-4 or othe...
Q080,In what year was the case of United States v. Ross decided?,judgment,factual,1982,judgment_23_commissioner_v_flowers,11,,"judgment_23_commissioner_v_flowers, p.11",yes,Commissioner v. Flowers (1946),"United States v. Ross, year",high,judgment_23_commissioner_v_flowers_p11_c11,"cement officer has “acted in good faith in conducting the search.” United States v. Ross, 456 U. S. 798, 823, n. 32 (1982). Nevertheless, the officer’s reliance on the magistrate’s probable-cause determination and on the technical sufficiency of the warrant he issues must be objectively reasonable, ..."
Q081,"How does the statutory period for assessing a deficiency attributable to an activity, as outlined in IRC §183, interact with the general provisions of law or rules of law that would otherwise prevent such an assessment, particularly in cases where a taxpayer has made an election under paragraph (1) with respect to that activity?",act,interpretive,"The statutory period for assessing a deficiency attributable to an activity does not expire before the expiration of 2 years after the date prescribed by law for filing the return of tax under chapter 1 for the last taxable year in the period of 5 taxable years (or 7 taxable years) to which the election relates, and such deficiency may be assessed notwithstanding the provisions of any law or rule of law which would otherwise prevent such an assessment.",act_sec183,2,IRC §183,"act_sec183, p.2",yes,IRC Section 183 - Hobby Loss Rules,"statutory period, deficiency, election, assessment",high,act_sec183_p2_c3,"Page 913 TITLE 26—INTERNAL REVENUE CODE [§ 185 such terms and conditions, as the Secretary may prescribe. (4) Time for assessing deficiency attributable to activity If a taxpayer makes an election under para- graph (1) with respect to an activity, the stat- utory period for the assessment of any def..."
Q082,How did the court in Cheek v. United States interpret the willfulness requirement in the context of a defendant's good faith belief about the constitutionality of the income tax law as applied to them?,judgment,interpretive,"The court held that the Murdock-Pomponio line of cases does not support the position that a defendant's good faith belief about the constitutionality of the income tax law as applied to them is a valid defense to a charge of willfulness, even if the defendant's constitutional arguments are objectively reasonable or frivolous.",judgment_11_cheek_v_united_states,8,,"judgment_11_cheek_v_united_states, p.8",yes,Cheek v. United States (1991),"willfulness, good faith, constitutionality",high,judgment_11_cheek_v_united_states_p8_c8,"575 , 108 S.Ct. 1392, 1397, 99 L.Ed.2d 645 (1988); Crowell v. Benson, 285 U.S. 22 , 62 , and n. 30, 52 S.Ct. 285, 296, and n. 30, 76 L.Ed. 598 (1932); Public Citizen v. Department of Justice, 491 U.S. 440 , 465 -466, 109 S.Ct. 2558, 2572-2573, 105 L.Ed.2d 377 (1989). 25 It was therefore error to ins..."
Q083,"What implications does the transfer to a controlled corporation under IRC §351 have on the tax treatment of the transferor's assets, and how does this provision balance the interests of the transferor and the controlled corporation?",act,interpretive,"The text does not provide explicit information on the tax treatment of assets or the balance of interests, but IRC §351 generally allows for tax-free transfer of assets to a controlled corporation, implying that the provision aims to facilitate corporate reorganizations while maintaining tax neutrality.",act_sec351,3,IRC §351,"act_sec351, p.3",yes,IRC Section 351 - Transfer to Controlled Corporation,"controlled corporation, tax-free transfer, corporate reorganizations",low,act_sec351_p3_c3,Browse • A to Z • Category • Date • Committee • Author About • About • Policies • Authentication • Digital Preservation • History • Agency Submission • U.S. Government Information • FDsys Retirement Developers • Developer Hub • API • Bulk Data Repository • Link Service • Feeds • Sitemaps • System De...
Q084,"How does the Board distinguish between 'allowances' and 'compensation' in the context of determining taxable income, as evident from the decisions cited in the case?",judgment,interpretive,"The Board distinguishes between 'allowances' and 'compensation' by considering whether the value of goods or services provided to the employee is for the convenience and benefit of the employer or constitutes payment for services rendered, as seen in the contrast between the Arthur Benaglia and Percy M. Chandler cases.",judgment_25_benaglia_v_commissioner,2,,"judgment_25_benaglia_v_commissioner, p.2",yes,Benaglia v. Commissioner (1937),"allowances, compensation, taxable income",high,judgment_25_benaglia_v_commissioner_p2_c2,"e taxable income. This regulation was based upon the decision in Jones v. United States, 60 Ct. Cls. 552, which held that the rental value of quarters occupied by an Army officer and the cash received by him for commutation of quarters did not constitute income taxable under the Revenue Act of 1921...."
Q085,"How does the limitation on the exclusion under § 121 due to prior depreciation deductions relate to the deductibility of losses under § 165, particularly for losses of property not connected with a trade or business?",pov,multi_hop,"The limitation on the exclusion under § 121 due to prior depreciation deductions, as stated in § 1.121-1(d) and § 1250(b)(3), implies that any gain in excess of depreciation deductions is subject to taxation. Meanwhile, § 165(c) allows deductions for losses of property not connected with a trade or business, but only if they arise from specific casualties or theft. The connection between these concepts lies in understanding that while depreciation deductions can limit the exclusion under § 121, actual losses of property may be deductible under § 165, depending on their nature and cause.",pov_crs_02_business_expense,9,,"pov_crs_02_business_expense, p.9",yes,Crs Report: 02 Business Expense,"§ 121, § 165, depreciation deductions, losses of property",high,pov_crs_02_business_expense_p9_c9,"9 § 1.121-1(d). Thus, if the taxpayer’s adjusted basis in the dwelling unit reflects any prior depreciation deductions allowed or allowable on the dwelling unit, then the exclusion under § 121 is limited to the gain in excess of the depreciation deductions allowed or allowable. See § 1250(b)(3). Sec..."
Q086,"How does the court's interpretation of the Fifth Amendment's protection against self-incrimination relate to the government's role in upholding the law, as discussed in the context of Olmstead v. United States?",judgment,interpretive,"The court's interpretation suggests that the government's adherence to the law is crucial in maintaining the rule of law and preventing contempt for the law, implying that the Fifth Amendment's protection is essential in ensuring the government does not become a lawbreaker and thereby undermine its own authority.",judgment_29_davis_v_united_states,21,,"judgment_29_davis_v_united_states, p.21",yes,Davis v. United States (1990),"Fifth Amendment, self-incrimination, rule of law",high,judgment_29_davis_v_united_states_p21_c21,"government when it provided in the Fifth Amendment that an individual cannot be compelled to be a witness against himself. That right cannot be abridged. As Mr. Justice Brandéis once observed: “Decency, security and liberty alike demand that government officials shall be subjected to the same *480 r..."
Q087,"For tax years beginning after 2017, how long do you have to complete the rollover of a qualified plan loan offset?",pov,factual,Until the due date (including extensions) for your tax return for the tax year in which the offset occurs,pov_jct_03_charitable,23,,"pov_jct_03_charitable, p.23",yes,Jct Report: 03 Charitable,"qualified plan loan offset, rollover",high,pov_jct_03_charitable_p23_c46,"Plan loan offset. A plan loan offset is the amount your employer plan account balance is reduced, or offset, to re- pay a loan from the plan. How long you have to complete the rollover of a plan loan offset depends on what kind of plan loan offset you have. For tax years beginning after 2017, if you..."
Q088,"What is the amount excludable from an employee's gross income for qualified adoption expenses furnished pursuant to an adoption assistance program, and at what modified adjusted gross income level does it begin to phase out?",pov,factual,"The amount excludable from an employee's gross income for qualified adoption expenses furnished pursuant to an adoption assistance program is $15,950, and it begins to phase out under § 137(b)(2)(A) for taxpayers with modified adjusted gross income in excess of $239,230.",pov_jct_04_retirement,15,,"pov_jct_04_retirement, p.15",yes,Jct Report: 04 Retirement,"qualified adoption expenses, modified adjusted gross income, adoption assistance program",high,pov_jct_04_retirement_p15_c15,"- 15 - income for the amounts paid or expenses incurred by an employer for qualified adoption expenses furnished pursuant to an adoption assistance program for adoptions by the employee is $15,950. The amount excludable from an employee’s gross income begins to phase out under § 137(b)(2)(A) for tax..."
Q089,"How is the unadjusted basis of a car determined for depreciation deduction purposes, and what happens to the unrecovered basis after the recovery period ends?",tax,multi_hop,"The unadjusted basis is determined by subtracting the section 179 deduction from the cost of the qualifying property multiplied by business use. After the recovery period ends, if there is unrecovered basis, it can be deducted subject to depreciation limits if the car continues to be used for business.",tax_pub463,30,,"tax_pub463, p.30",yes,IRS Publication 463 - Travel Gift and Car Expenses,"unadjusted basis, recovery period, unrecovered basis, section 179 deduction",high,tax_pub463_p30_c56,"deduction for the car. The car isn’t qualified property for purposes of the special depreciation allowance. Before applying the limit, you figure your maximum sec- tion 179 deduction to be $9,000. This is the cost of your qualifying property (up to the maximum $2,500,000 amount) multiplied by your b..."
Q090,"How do the rules for amortizing business startup and organizational costs differ for costs paid or incurred before October 23, 2004, versus those paid or incurred on or after this date, and what implications does this have for the treatment of these costs under the tax law?",tax,interpretive,"For costs paid or incurred before October 23, 2004, taxpayers can elect to amortize business startup and organizational costs over an amortization period of 60 months or more, whereas the rules that apply for costs paid or incurred on or after October 23, 2004, are subject to different amortization rules as implied by the text, suggesting a change in the tax treatment of these costs.",tax_pub535,29,,"tax_pub535, p.29",yes,IRS Publication 535 - Business Expenses,"amortization period, business startup costs, organizational costs",medium,tax_pub535_p29_c82,"9, 2008, will apply. For costs paid or incurred before October 23, 2004, you can elect to amortize business startup and organizational costs over an amorti- zation period of 60 months or more. See How To Make the Election, later. The cost must qualify as one of the follow- ing. • A business startup ..."
Q091,"What forms can separable activities take, according to the provided text?",pov,factual,"Separable activities may take many forms including, for example, the use of an intermediary employed for tax benefits and whose actions or involvement was unnecessary to accomplish an overarching non-tax objective.",pov_crs_10_penalties,4,,"pov_crs_10_penalties, p.4",yes,Crs Report: 10 Penalties,"separable activities, intermediary",high,pov_crs_10_penalties_p4_c4,"4 Generally, when a plan that generated a tax benefit involves a series of interconnected steps with a common objective, the “transaction” includes all of the steps taken together – an aggregation approach. This means that every step in the series will be considered when analyzing whether the “trans..."
Q092,"What is the implication of the 1976 amendment to subsection (c) of IRC §1001, which substituted the provision recognizing the entire amount of gain or loss, and how does it affect the determination of gain or loss to be recognized?",act,interpretive,"The 1976 amendment to subsection (c) of IRC §1001 implies that the entire amount of gain or loss is recognized, except as otherwise provided, which deviates from the previous provision that referred to section 1002 for determining the extent of gain or loss to be recognized. This change suggests a shift towards a more comprehensive recognition of gain or loss, potentially impacting taxpayers' liabilities.",act_sec1001,2,IRC §1001,"act_sec1001, p.2",yes,IRC Section 1001 - Gain or Loss on Disposition,"gain or loss, subsection (c), 1976 amendment",medium,act_sec1001_p2_c4,(e)(1). Pub. L. 98–369 inserted reference to section 1041. 1980—Subsec. (e)(1). Pub. L. 96–223 repealed the amendment made by Pub. L. 95–600. See 1978 Amend- ment note below. 1978—Subsec. (e)(1). Pub. L. 95–600 inserted reference to section 1023. See Repeals note below. 1976—Subsec. (c). Pub. L. 94–...
Q093,"What is the definition of personal property under the former subsection (f), and how does the redesignation of subsections by Pub. L. 101–508 affect the computation of the allowance under subsection (a) with respect to such property?",act,multi_hop,"Personal property is defined as depreciable personal property (other than livestock) with a useful life of 3 years or more acquired after October 16, 1962, under former subsection (f). The redesignation of subsections by Pub. L. 101–508, specifically the redesignation of subsec. (s) as (f) and the striking out of former subsec. (f), affects the computation of the allowance under subsection (a) as the new subsection (f) no longer contains the rule allowing a reduction of salvage value by an amount not exceeding 10 percent of the basis of such property.",act_sec167,6,IRC §167,"act_sec167, p.6",yes,IRC Section 167 - Depreciation,"personal property, salvage value, redesignation",high,act_sec167_p6_c13,"heading and text. Subsec. (f). Pub. L. 101–508, § 11812(a)(1), redesignated subsec. (s) as (f) and struck out former subsec. (f) ‘‘Sal- vage value’’ which read as follows: ‘‘(1) GENERAL RULE.—Under regulations prescribed by the Secretary, a taxpayer may, for purposes of com- puting the allowance und..."
Q094,"How did the court interpret the application of § 752(c) in relation to § 752(a) and (b) transactions, and what was the underlying rationale for this interpretation?",judgment,interpretive,"The court interpreted § 752(c) to apply only to § 752(a) and (b) transactions, and not to limit the amount realized in a sale or exchange of a partnership interest under § 752(d), in order to prevent a partner from inflating the basis of his partnership interest, as there is no potential for similar abuse in the context of § 752(d) sales of partnership interests to unrelated third parties.",judgment_16_commissioner_v_tufts,9,,"judgment_16_commissioner_v_tufts, p.9",yes,Commissioner v. Tufts (1983),"§ 752(c), § 752(a), § 752(b), § 752(d), partnership interest",high,judgment_16_commissioner_v_tufts_p9_c9,"ections (a) and (b), Congress apparently intended § 752(c) to prevent a partner from inflating the basis of his partnership interest. Otherwise, a partner with no additional capital at risk in the partnership could raise the § 704(d) limit on his distributive share of partnership losses or could red..."
Q095,What sections give non-recognition treatment to sales and reinvestment transactions in limited circumstances?,judgment,factual,Sections 1033 and 1034,judgment_10_starker_v_united_states,4,,"judgment_10_starker_v_united_states, p.4",yes,Starker v. United States (1979),"non-recognition treatment, §§ 1033 and 1034",high,judgment_10_starker_v_united_states_p4_c4,"change. He transferred all of his rights in the timberland to Crown in return for a promise, here called an exchange balance. At the time of the transfer, Crown did not own any of the twelve parcels which Crown either transferred or caused to be transferred to plaintiff or to plaintiff’s nominees. W..."
Q096,In what year was the Eisner v. Macomber case decided?,judgment,factual,1920,judgment_09_cottage_savings_association_v_commissioner,6,,"judgment_09_cottage_savings_association_v_commissioner, p.6",yes,Cottage Savings Association v. Commissioner (1991),"Eisner v. Macomber, realization requirement",high,judgment_09_cottage_savings_association_v_commissioner_p6_c6,"(1924); Marr v. United States, 268 U.S. 536 , 540 -542, 45 S.Ct. 575, 576-577, 69 L.Ed. 1079 (1925); see also Eisner v. Macomber, 252 U.S. 189 , 207 -212, 40 S.Ct. 189, 193-195, 64 L.Ed. 521 (1920) (recognizing realization requirement). Because these decisions were part of the ""contemporary legal co..."
Q097,"What requirements must an organization meet to limit charges for emergency or medically necessary care, and how do these requirements relate to the billing and collection actions described in paragraph (6)?",act,multi_hop,"To limit charges, an organization must limit amounts charged to not more than the amounts generally billed to individuals who have insurance covering such care, as described in paragraph (5)(A), and must also prohibit the use of gross charges, as stated in paragraph (5)(B). These requirements relate to the billing and collection actions in paragraph (6), which mandates that the organization does not engage in extraordinary collection actions before making reasonable efforts to determine whether the individual is eligible for assistance under the financial assistance policy described in paragraph (4)(A).",act_sec501,15,IRC §501,"act_sec501, p.15",yes,IRC Section 501 - Tax-Exempt Organizations,"financial assistance policy, emergency or medically necessary care, billing and collection requirements",high,act_sec501_p15_c29,Page 1674 TITLE 26—INTERNAL REVENUE CODE § 501 for emergency medical conditions (within the meaning of section 1867 of the Social Se- curity Act (42 U.S.C. 1395dd)) to individuals regardless of their eligibility under the fi- nancial assistance policy described in sub- paragraph (A). (5) Limitation ...
Q098,How does the qualification of a pension plan under IRC §401 impact the tax treatment of contributions made to the plan?,act,interpretive,"The text does not provide explicit details, however, it implies that qualified pension plans have specific tax implications, suggesting that contributions may be deductible, but the exact impact is not defined within the given text.",act_sec401,3,IRC §401,"act_sec401, p.3",yes,IRC Section 401 - Qualified Pension Plans,"qualified pension plan, tax treatment, IRC §401",low,act_sec401_p3_c3,Browse • A to Z • Category • Date • Committee • Author About • About • Policies • Authentication • Digital Preservation • History • Agency Submission • U.S. Government Information • FDsys Retirement Developers • Developer Hub • API • Bulk Data Repository • Link Service • Feeds • Sitemaps • System De...
Q099,"What is the treatment of charitable contributions made to organizations described in section 170(b)(1)(A), and how does this treatment relate to the rules regarding donor advised funds as defined in section 4966(d)(2)?",act,multi_hop,"Charitable contributions made in cash to organizations described in section 170(b)(1)(A) are subject to certain rules, as outlined in section 170. Specifically, these contributions are not eligible for deduction if they are made to an organization described in section 509(a)(3), or if they are made for the establishment of a new, or maintenance of an existing, donor advised fund (as defined in section 4966(d)(2)). This treatment is outlined in section 170(d) and is further clarified by the definition of donor advised funds in section 4966(d)(2).",act_sec170,20,IRC §170,"act_sec170, p.20",yes,IRC Section 170 - Charitable Contributions,"charitable contributions, donor advised funds, section 170(b)(1)(A)",high,act_sec170_p20_c42,"Page 860 TITLE 26—INTERNAL REVENUE CODE § 170 tion were contributions made in cash during such taxable year (determined without regard to subsections (b)(1)(G)(ii) and (d)(1)) to an organi- zation described in section 170(b)(1)(A) and not— (1) to an organization described in section 509(a)(3), or (2..."
Q100,How is the fair market value of digital assets determined when received as payment for services?,tax,factual,The fair market value of digital assets is determined as of the date(s) of receipt,tax_pub550,59,,"tax_pub550, p.59",yes,IRS Publication 550 - Investment Income and Expenses,"fair market value, digital assets",high,tax_pub550_p59_c117,"property's fair market value or the adjusted basis of the previous owner. Fair market value. This is the price at which the property would change hands between a buyer and a seller, neither being forced to buy or sell and both having reasonable knowledge of all the relevant facts. Sales of similar p..."
